<?xml version="1.0" encoding="utf-8"?>
<HotfixInstallationInfo xmlns:xsd="http://www.w3.org/2001/XMLSchema" xmlns:xsi="http://www.w3.org/2001/XMLSchema-instance">
  <Name>8dbcd9c4-4c8f-4883-a335-0cb8bc41bfdc</Name>
  <Description>Deployable package created from automated build</Description>
  <InstallationDateTime>0001-01-01T00:00:00</InstallationDateTime>
  <InstallationInfoFilePath>C:\Users\VssAdministrator\AppData\Local\Temp\tmpF81.tmp\HotfixInstallationInfo.xml</InstallationInfoFilePath>
  <Version />
  <Publisher>Non-Microsoft</Publisher>
  <GeneratedFromAXMetadata>false</GeneratedFromAXMetadata>
  <Type>ApplicationPackage</Type>
  <IncludedDeployablePackages />
  <ServiceModelList />
  <OtherComponentList />
  <MetadataModuleRelease>Update59</MetadataModuleRelease>
  <MetadataModuleList>
    <string>aotbrowser.863.0.5.8</string>
  </MetadataModuleList>
  <MetadataModelList />
  <PlatformReleaseDisplayName>Update59</PlatformReleaseDisplayName>
  <PlatformVersion>7.0.6972.45</PlatformVersion>
  <IsCompatibleWithSealedRelease>true</IsCompatibleWithSealedRelease>
  <IsCompatibleWithApp81PlusRelease>true</IsCompatibleWithApp81PlusRelease>
  <AllComponentList>
    <ArrayOfString>
      <string>AX Module</string>
      <string>aotbrowser.863.0.5.8</string>
    </ArrayOfString>
  </AllComponentList>
</HotfixInstallationInfo>